id,name
1210,افکار
1786,نشر نظر
1137,ترانه
2040,یساولی
59,مروارید
1267,کتیبه پارسی
1470,سروش
3105,دانشگاه صنعتی امیرکبیر
1335,حتمی
2354,نصیرا
2260,ایهام
11,افق
69,هرمس
1363,کتاب پرگار
2042,طاهریان
1392,به نشر
48,ققنوس
1169,چکه
31,نشر ثالث
1178,سوره مهر
57,ماهی
2048,شقایق
1235,بنیاد فرهنگ زندگی
1328,ذکر
1630,ادیبان روز
1479,کلید آموزش
51,کتابسرای تندیس
4410,نارنج
1810,آبادیران
1962,نشر ژاله
66,نشر نی
33,نشر چشمه
1967,دانشگاه تهران
1757,رشدیه
2085,جابیرو
2017,کاری نو
1239,فاطمی
3019,آفرینش
1256,کانون پرورش فکری کودکان و نوجوان
1329,فنی ایران - نردبان
30,پیدایش
1108,قدیانی
1965,کتاب تداعی
1277,فرهنگ جاوید
4409,فرشتگان
1229,دارینوش
1571,دانشگاه مفید
13,امیرکبیر
2940,نقش نگین
1695,پرنده آبی
36,کتاب خورشید
87,قطره
1644,سیب سرخ
2560,بزنگاه
1866,جمکران
1195,ابوعطا
1334,فصل پنجم
1281,فرهنگ معاصر
47,فرهنگ نشر نو
1811,طرح نقد
2070,دانشگاه امام صادق (ع)
1283,جامه دران
2219,کانون اندیشه جوان
1873,نشر معارف
2489,مانوش
2469,طلایه
1977,شهید کاظمی
1982,آوای نور
1215,هوپا
1921,آرشیو روز
3099,نارنگی
1405,فراروان
1403,شهر قلم
1118,نشر پنجره
2470,نگاه آشنا
81,علمی و فرهنگی
3027,انتشارات گندمان
4334,بهدیس
1352,مهرگان خرد
1624,ناریا
1620,مرغابی
1410,میترا
2958,بوم سفید
1173,نگاه معاصر
20,آناپنا
1243,آویسا‏‫
1331,سایه گستر
2847,فوژان
1131,نامک
1781,نشر علی
1813,نشر گویا
12,البرز
1337,لاهیتا
78,نیماژ
58,مرکز
1661,الهام
1318,نشر نخستین
1534,پازینه
9,علم
2746,یاد آرمیتا
1308,تمدن علمی
1568,خانه کتاب
1549,نوای مدرسه
1136,پیکان
1946,فرهنگستان هنر
1338,سرزمین اهورایی
1400,سفیدسار (وروجک)
1850,پژوهشگاه علوم انسانی و مطالعات فرهنگی
2735,حکمت و فلسفه
2018,سمت
1909,نگارستان اندیشه
1793,رشد
1439,اندیشه احسان
75,اختران
2077,السانا
2911,ثانیه‏‫
1183,دبیر
3189,آی آی کتاب
3203,آمه
3187,کتاب ماه
1981,نشر فرهنگ اسلامی
2313,کشاورز
2104,دانشگاه علامه طباطبایی
2080,پیله
1225,به نگار
1447,آوند دانش
1577,فرین
1628,یارمانا
1415,نوشته
1895,یوپا
1153,نسل نواندیش
1142,ناهید
1179,بیدگل
2497,یزدا
2758,پارت
70,هیرمند
2856,خانه کاغذی
2837,فدک ایساتیس
28,پرتقال
90,اطلاعات
1358,شهرستان ادب
1800,خوب
18,آگه
1684,قصیده سرا
1389,آوای مهدیس
85,نیلا
1325,آرادمان
2647,نور اشراق
1204,صانعی
1330,سخن
1163,پرسمان
2916,مشعر
1344,شیرازه
10,افراز
1327,نیستان
1317,نسل روشن
1831,گوتنبرگ
1529,آرمان رشد
2767,اندیشه کهن پرداز
3147,دانشگاه قم
53,کتاب کوله پشتی
1885,داستان جمعه
1362,ارجمند
2097,جمال
2079,بازی و اندیشه
1473,طلایی
1538,خدمات فرهنگی کرمان
1825,قومس
73,نشر کتاب پارسه
89,ایران بان
79,توس
1482,مهاجر
86,اساطیر
1681,ملورین
1206,آشیان
2056,دیباگران تهران
1201,بهار سبز
3091,موسسه انتشارات علمی دانشگاه صنعتی شریف
1114,آفرینگان
1570,خط خطی
1565,ترجمان
62,نگاه
1207,آرایان
1408,منوچهری
1580,کتاب طه
2239,دفتر پژوهش های فرهنگی
1333,خانه ادبیات
1161,وانیا
1971,ادیان و مذاهب
1340,با فرزندان
1424,معیار علم
3242,انتخاب بهتر
2222,نشر شاهد
77,نشر نون
3106,رایبد
2730,جامعه القرآن الکریم
2246,مخاطب
2898,گوهر اندیشه
80,فردوس
2483,زرین اندیشمند
1110,جویا
2198,مهرکلام
1835,ورجاوند
100,پریان
1248,هورمزد
1168,نشر نوین توسعه
1539,زعفران
1642,راز بارش
1218,تیر
1164,شادان
1312,شباهنگ
1332,دانژه
1220,کتاب سرای نیک
93,موسسه فرهنگی هنری جهان کتاب
1190,ایجاز
2583,دیار آفتاب
2150,دیدآور
19,آموت
1127,نشر چلچله
2935,اعلی
1109,آذرباد
1603,سمام
1452,اوحدی
1468,سایان
1233,ذهن آویز
1910,شبگیر
1361,اردیبهشت
105,تیسا
2675,نگین بستان
1829,مرکز نشر دانشگاهی
1653,لنجوان
2908,مهر و دل
2705,هشت
1202,بهزاد
35,خوارزمی
67,نیلوفر
1294,سیته
3032,وزن دنیا
1732,نهادگرا
22,بازتاب نگار
96,مجید (به سخن)
39,روزگار
76,فرزان روز
1324,نشر بهنود
32,جامی(مصدق)
1346,بدرقه جاویدان
1639,دانش نگار
84,لوح فکر
4362,دالاهو
1533,برف
3176,شما‏‫
1402,شفیعی
2666,فرهنگ ایلیا
1721,رسا
2270,جنگل
1129,معین
2081,پگاه روزگار نو
1254,مولی
2580,مهرستان
40,روزنه
1654,مرسل
1596,خاموش
2431,نیکا
1186,حوض نقره
2341,کتابسرای میردشتی
1973,آراد
1286,مشکی
2620,نشر آب
1147,پیام امروز
1635,چاپخش
60,مهراندیش
1586,نودا
1491,کتابیار
1126,نشر آواز
1494,پایان
2628,امید سخن
1435,مس
54,گل آذین
1378,هیلا
1860,چالش
2922,رابو
1472,طرح نو
2719,قصه باران
1203,کتاب مهربان
83,روشنگران و مطالعات زنان
2120,صدرا
1354,یکشنبه
88,پوینده
2679,کتاب بهار
3284,نواندیشان دنیای کتاب
1824,فکر نو
3296,قلم سبز
1483,مهرسا
1760,بوستان کتاب
1903,موسسه انتشاراتی امام عصر (ع)
1528,ابریشمی
49,کارنامه
1376,مرو
1236,گمان
2121,برج
1184,دایره
46,عطائی
1652,گلگشت
2668,صفار
3186,نشر ادامه
1231,روزبهان
1372,لگا
2105,آوانوشت
3097,فن آوری نوین
1959,مارلیک
1262,نقش و نگار
61,میلکان
2376,نشر مون
1213,قصه
1814,باهم
2528,سازمان فرهنگی تفریحی شهرداری اصفهان
1412,نشر غنچه
1197,جیحون
1840,زندگی روزانه
1438,کویر
1111,نشر ویدا
3121,نوید ظهور
3037,مجله برگ هنر
43,سمیر
29,پگاه
2288,وثوق
1578,قو
2356,دانشگاه فردوسی مشهد
1193,سایه سخن
1801,عطر کاج
1659,آدمیت
4396,کهور
1313,پارمیس
4448,نشر قیوم
2311,آماره
1572,دوران
17,آگاه
2632,دانیار
1576,فرزین
1293,فروزش
1258,زوار
1365,خلاق
1353,اکباتان
2403,کتاب پارک
1861,سخنوران
2238,گیوا
1955,اعتلای وطن
1545,گام
2305,امین الضرب
1194,آریانا قلم
2245,پژوهشکده مطالعات راهبردی
1217,دنیای اقتصاد
1531,بازاریابی
1306,پندار تابان
42,سبزان
1177,نقد فرهنگ
2051,چارچوب
1152,پرسش
1478,کلام
1122,دنیای نو
1368,شب خیز
1670,واحه
1594,چیمن
2601,اگر
1278,یاران
1138,هنوز
1117,نشر تهران
3064,بنونوت
1488,هو
1770,پردیس آباریس
2745,آراسبان
15,آریابان
1326,محراب قلم
1196,هامون
2706,راه طلایی
71,یوبان
37,در دانش بهمن
1904,هنر موسیقی
1856,موسسه فرهنگی و هنری ماهور
1296,باژ
3145,جوینده
2648,کیوان
1321,ورا
1404,علمی
1188,خانه فرهنگ و هنر گویا
1421,آریاگهر
2279,تالیا
1292,ذهن زیبا
1200,آسمان نیلگون
2545,نادریان
1299,نگاه نوین
1290,پنگوئن
1988,بعثت
1356,جمهوری
2448,آبرنگ
1166,گرایش تازه
1587,نویسه پارسی
2126,بنیاد نهج البلاغه
1544,کومش
1727,شوند
1477,کتابسرای بیان
2522,مرکز تحقیقات رایانه ای حوزه علمیه اصفهان
2151,همارا
2821,آوای آزاده
16,آزرمیدخت
1543,کتاب آبان
2145,جام جم
1156,برکه خورشید
2747,لوح محفوظ
1872,بصیرت
1501,پیام محراب
1493,دیدار
1497,شهرآب
1185,دیبایه
3015,غزلسرا
1373,مرکز اسناد انقلاب
1758,ناصرالدین
2473,آبی پارسی
1743,امید صبا
1993,امیرحسین یزدانیان پور
3096,آداش
1552,امید فردا
55,مازیار
1622,موسسه امام موسی صدر
3167,واش
2257,نشر آمو
2688,پی نما
1268,سوفیا
2039,کتابکده کسری
3140,پیک گل واژه‏‫‬
1222,مانیاهنر‏‫
2400,دایره المعارف بزرگ اسلامی
1530,آریا نوین
1584,مسیر دانشگاه
1900,دختر آفتاب
1926,هفت رنگ
1375,کتابستان معرفت
2651,یادواره کتاب
1621,مطالعات سیاسی
1298,گام نو
2860,یوسف پوریوسف
2835,امتیاز
1123,پژوهشکده مطالعات فرهنگی و اجتماعی
1273,کتاب پنجره‏‫
1833,عنوان
2324,پژوهشگاه فرهنگ، هنر و ارتباطات
2777,آرون
1434,موج
1892,ترنگ
1280,اشاره
3069,سوگند
24,بهجت
1562,پیام بهاران
1171,هنر پارینه
1487,هنر پارسینه
1837,آئی سا
1401,شادگان
1582,لوپه تو
1558,بروج
2703,اندیشه ارشد
1821,مات
1336,بین المللی حافظ
3114,دانشگاه خوارزمی
1436,پل
3180,روزنامه ایران
2209,برآیند
2526,میانه
1309,بان
1391,بدیهه
82,تاریخ ایران
2396,دانشگاه شهید بهشتی
1456,پیام آزادی
2568,کراسه
1440,لوگوس
1212,مثلث
2684,حلال
1600,رسش
1540,عسل نشر
1289,اتفاق
4338,نقد اندیشه
3268,فصل نامه فرهنگی هنری آنگاه
2461,دانش آفرین
1667,رخداد کویر
3074,ترنج مهرآیین
2220,روزآمد
3118,عابد
68,هاشمی
1875,اریش
1858,ساقی
1883,اتحاد
2534,قاب
1994,مدرسه
1614,کرگدن
1666,بیان روشن
2149,حدیث راه عشق
2369,سرود
1116,زاوش
1380,آرما
2328,چهل کلاغ
1763,پارسیک
2398,شب چله
1266,نشانه
2303,موسسه عالی پژوهش تامین اجتماعی
1374,پیام مشرق
1547,میچکا (مبتکران)
1804,سنگ
1252,ستاک
1753,طهوری
2710,آواهیا
1149,سرایش
1855,اسبار
1351,حکایت قلم نوین
2160,صهبا
72,کتاب آمه
2569,ندای تاریخ
74,آشیانه کتاب
1160,لیوسا
2720,آباد بوم
1935,افق بی پایان
2023,ماهین
3166,ویکتور هوگو
2946,کلکین
3098,انتشارات کرمانشاه
102,چترنگ
1394,جغد
2455,پاتیزه
2139,تلاوت آرامش
1771,آینده درخشان
1455,پرنده
1641,دومان
1888,پژوهشگاه فرهنگ و اندیشه اسلامی
3090,ناردونه
45,شورآفرین
1224,آسیم‏‫
1182,ابر سفید
1422,جاجرمی
1360,صابرین
1208,شرکت سهامی انتشار
1158,بهنام
4398,هیرمبا
1846,فرهنگان
3016,آثار فکر
3012,بازتاب
1902,نشر گاه
2193,آوای روزان
1219,همان
1573,شورا
1990,گزارش
1221,دات
1119,دنیای کتاب
2594,خط مقدم
2810,فروهر
1606,طاهر
3009,شالگردن
2352,سیفتال
3045,تاووس
2676,بادکوبه
1347,آفتابکاران
1192,قاصدک صبا
3156,تیموری
1282,کتاب سده
2880,رسن
2087,هنرنگار
2754,هوش ناب
3235,دانش ماندگار عصر
1303,آتیسا
1366,نیک فرجام
3028,سه نقطه
1864,360 درجه
1668,ابراهیم هادی
1133,درسا
1834,بینش نو
1377,ماهریس
2834,پلات
2004,انقلاب اسلامی
2605,مشاهیر هنر
1601,زنبور
1214,شمشاد
1115,مکتوب
2906,افکار جدید
1319,سرایی
1815,خزه
2888,نشر توسعه ایران
1708,نفس
2845,اندیشه مولانا‏‫
3222,مجله طبل
1949,کتاب فرزانه
1792,تابان خرد
3086,خانه فرهنگ و هنر مان
2385,علوم رایانه
1736,عطار
1626,نوبهار
4397,لحظه
2223,دانشگاه پیام نور
1703,آوای هانا
1461,تولد
1240,کلک آزادگان
1419,ویژه نشر
2038,کتاب هرمز
2304,ویرایش
1295,اطراف
1492,سپیده باوران
2043,نص
1957,فخراکیا
1569,خجسته
1822,کیمیا
1261,شبگون
3149,خاک
95,اسم
1612,کتاب پرنده
2287,سنایی
1752,موغام
1870,آئین فطرت
1869,ندای معاصر (زرین کلک)
56,ماهابه
1151,میلاد
1230,مهتاب
2460,پرثوآ
1663,نگارستان کتاب
4425,فردا
3248,موسسه پژوهشی تاریخ ادبیات کودکان‏‫
2007,وزیر
1426,آیدین
1397,روانشناسی و هنر
2772,فانوس
1226,پارس کتاب
2570,سمندر
3031,اندیشه پویا
3215,صورتگر
1250,بهمن برنا
2664,مبنا
2870,پرستو قلم چی
1605,صراط
1541,فرهنگ و هنر
2066,عارف کامل
1773,کارگاه فیلم و گرافیک سپاس
2663,کاشی
3233,آفتاب مهربانی
1371,فاصله
1448,اخوان
2763,ایده پردازان چکاد
1429,مهر نوروز
3044,نشر کتاب نبات
3136,برکه
2174,هنر نو
1414,نگاره آفتاب
1259,چابک اندیش
1583,مبلغان
1707,مدرسه نویسندگی
1249,آسو
2771,اندیشه نیکو
2053,بادبادک
3163,زیتون سبز
1656,نغمه نواندیش
1551,استاندارد
1877,کلاغ
2889,لک لک
2320,نشر پر
3171,باوین کتاب
1662,طاعتی
3089,دلتا
1199,درنا قلم
1548,نشر شهر
2191,تاو
1446,آوای خاور
2587,نشر الکترونیکی و اطلاع رسانی جهان رایانه امین
3006,زحل
2194,آلاچیق
2603,نای و نی
1599,راهنمای سفر
4331,میراث فرهیختگان
2408,سیزده
2787,ارس
2218,کتاب فردا
2107,الگو نگار پیشرفت
4451,اطلاع
1341,افرند
1399,سپهر خرد
91,گیسا
1812,امید انقلاب
2164,کانیار
104,فرهنگ آرش
1960,نشر توسعه
2436,فرهامه
1106,هنرکده
1265,حرفه نویسنده
1922,سازمان چاپ و انتشارات
3178,لوتس
1907,فلسفه
1697,توفیق آفرین
2711,کتاب کنج
2927,حفی
1767,نگار گران
2438,کتاب مهر
2321,راه پرداخت
1595,حکمت کلمه
1234,حرفه هنرمند ‏‫
2379,فرهنگ مکتوب‏‫
3184,دوجلدی
1901,موسسه تحقیقات و توسعه علوم انسانی
1345,موسسه مطالعات تاریخ معاصر ایران
1427,فارابی
2749,نیل آی
1357,ساز و کار
1776,خانه هنرمندان
1462,تیمور زاده
21,آوین
38,دوستان
2233,نشر نقره
3075,دوژه
3095,انتشارات اشجع
1125,صدای معاصر
4434,راه نوین
4447,ناک
2092,عقربه
2278,چارسو
2330,دارالفکر
4424,دوایر
1847,کلاغ سفید
1894,زمان
1490,زرین و سیمین
2015,آوای دانش گستر
4374,آتون کتاب
1974,وال
3161,دانشگاه اصفهان
2738,رسپینا
2317,اشراقی
2785,آراه
1135,سامر
1733,پاگرد
2986,بامداد نو
65,نوای مکتوب
2049,راشین
1481,گل آفتاب
2323,ترمه
4431,قالان یورد
1585,موزون
1275,آوای چکامه
1130,روزنه کار
1648,شمع و مه
2608,سیراف
2099,ابرار معاصر تهران
2275,آیلار
2921,ماهوت
2727,بایگانی
1797,سینا
1369,مهرفام
1647,شالان
1592,آوای اندیشه
1914,بذر خرد
1176,آزاد مهر
3122,نشر جوف
1854,دمان
2235,فاتحان
2701,راه یار
2677,صاد
3135,اندیشه آگاه
2211,قرآن و اهل بیت نبوت (ع)
2573,نگر
1165,آوای مکتوب
63,نفیر
3195,زبان ما
2636,برج بابل
3282,موسسه فرهنگی هنری قدر ولایت
2335,نظام الملک
1425,روشا
1432,مینیاتور
2995,شرکت چاپ و نشر بین الملل
3060,شمع سحر
1496,اسرار دانش
25,بوتیمار
2800,فرهنگ مردم
1232,اندیشه معاصر‏‫
1579,کتاب سرا
2728,نسک
1320,کتاب کوچه
1726,ویستار
1310,طلایه پرسو
3033,مترجم
1879,رود
3081,راه رشد
1746,ژرف
1936,امرود
1966,فرهنگ صبا
2904,آگاهان ایده
1818,نقش جهان
2203,عصر داستان
2035,سخن گستر
2925,مان کتاب
1181,مینو
3158,یسطرون
4359,هوشمند تدبیر
1649,فلات
2293,پژوهشگاه حوزه و دانشگاه
2397,گوشه
2302,هزاره سوم اندیشه
1775,بهشت
1978,یا زهرا (س)
2026,انسان شناسی
2165,خوزان
3048,مجله مروارید
1640,دنیس
1807,گستره
2249,کیمیا اثر
2163,عماد فردا
34,چکاوک
2331,سرافراز
1937,آن سو
2886,فرهنگ زبان
2602,برگ نو
1920,ارشدان
2201,آذریون
1589,المعی
1575,صفی علیشاه
3211,نائیری
1253,حکمت
2295,شباویز
2862,نیاز دانش
4388,پروین
3294,فرهنگ و هنر صادق
2907,چار
2781,سروش مولانا
2896,کاسپین دانش
2437,رهنما
44,شور
2903,کمیکا
2859,راه دان
1913,نمایش
3205,تراژدی
1244,مهرویستا
3228,متن در متن
3270,آروین نگار
1442,سما
2795,خالقی
1976,تقدیر
2217,کیهان
1223,مینوی خرد
3162,تک رنگ
1799,تغییر نگرش
2306,انجمن آثار و مفاخر فرهنگی
1673,آرتامیس
3085,پویش مدام
1556,آفرینش گر
2482,کتابداران
3146,دانشگاه صنعتی نوشیروانی بابل
2357,علم و دانش
1989,هنرور
4418,سلام
4420,گواهان
4400,جهان سترگ
3263,نوآوران دانش
3055,گام اول
1745,معارف انقلاب
1180,صبح صادق
2075,اسپینا
1619,مایا
2128,بیان معنوی
2130,سازمان مدیریت صنعتی
4341,ندای الهی
1348,کتاب فانوس
2255,دانشکده صدا و سیما
3025,نشر انسان
1618,ماوشما
1170,نشر هزاره سوم
2181,ترانه پدرام
1671,پژواک فرزان
2479,نیو
1627,نیکبن
3039,شیرازه کتاب
1581,کلام شیدا
1780,آرینا
2382,جهاد دانشگاهی
2589,سفیر
2123,با هدف
4423,یکنام
2229,میعاد اندیشه
1886,پژواک
1940,جاودانه
4380,ایشکا
2891,لوح دانش
1237,سولار
4332,نشر گهگاه
1428,ریسمان
2002,پژوهشکده باقرالعلوم (ع)
2428,برسم
2111,اوج
4378,آژمان
2333,علم معمار
2650,گنج دانش
1134,تمندر
2554,ایرمان
4419,هیدیس
4442,نیکوروش
1853,فراگفت
1307,زرین
1769,امید ایرانیان
2670,نو نوشت
1536,پیام عدالت
2443,فصل اندیشه
3170,دارالحضاره الاسلامیه‏‫
2943,موسسه پژوهشی حکمت و فلسفه ایران
2264,سارگل
2414,کومه
3026,بخارا
2751,ایران شناسی
1246,آموخته
4302,آوای برگریزان
1124,نسل آفتاب
2593,اورنگ
3092,نیایش
1808,پشوتن
3047,فرهنگ امروز
3300,شیدمهر
2809,دیوار
1929,کتاب وارش
2155,دارالحدیث
2292,راوشید
2200,شگفت
2206,پشتیبان
3005,صمدیه
2072,اقبال
1302,آسمان خیال
1205,رادمهر
2125,بنیاد شهید چمران
4327,سفیر قلم
1617,گیتاشناسی
2459,رویش
2273,مدبر
2869,باغ مرمر
2409,مهکامه
2169,گویش نو
1209,البرز فرادانش
2991,سی دا
1561,پژواک دانش
2388,آی نور
2044,کارنگ
52,کندوکاو
2365,حیدری
1634,جیکا
3116,انتشارات رافع
1113,منظومه خرد
1915,شرکت چاپ و نشر بازرگانی
3154,انتشارات یک فکر‏‫
3107,دفتر عقل
4324,آیین فطرت
2166,کتاب برتر
2178,باران میشان
2439,تازه ها
2734,آذرفر
4392,خوش بین
2753,دیاران
1623,مولف
1172,پینه دوز
23,باغ نو
2822,کوهسار
2380,دارالعلم
1803,دانشگاه هنر
2307,خط و طرح
2041,کوشش
2548,کلهر
4404,کتاب آرین
2314,شهرتاش
1923,تلاش
1975,روایت فتح‏‫
2071,بهنامی
2175,هوانورد
2803,خوانه
3013,آده
1954,دانش پژوهان جوان
1887,فرهنگ کاوش
1631,ارمغان طوبی
1566,جامعه شناسان
3029,سپیده دانایی
3061,کتابخانه دانش
2500,یوشیتا
1189,آموزه
2527,رهسپاران
2874,اکبرزاده
2172,پل فیروزه
2971,توانمندان
2740,کامک
2599,خیام
2358,دهکده هوسم
1675,سیوا
4395,ارتباط نوین
2518,آموزش نوآموز
4311,دکسا
1238,نیکو نشر
2001,فرا
2008,آوند رشد
3224,بادبان
2142,تنظیم و نشر آثار امام خمینی
4356,حداد
2558,منشور صلح
1264,پارو
1386,آبشن
1445,آدینه
2653,آذرمیدخت
4321,ستاره ها
1128,نشر متیس
2258,رهنج
2592,گرافیک
1563,پیک ادبیات
1709,سایبان
3072,نشر میم
1314,راستین
1588,اشک
1762,مینا
1613,کتاب مرجع
1638,دانش زنجان
2914,هفت و نیم
3017,ستارگان درخشان
2899,فرهیختگان دانشگاه
4339,ادبستان
2538,سفیر اردهال
1849,دیرمان
1756,زریاب
1367,دریچه
2179,بن گاه
2310,فلامینگو
1696,نظاره
2626,رازگو
1969,رخ داد نو
2161,کتاب سرزمین
1658,یادآوران
1701,حمیدا
3018,موسسه ایران
1744,سانازسانیا
2513,رسم
1297,هستان
2101,هزار کرمان
1466,راهبین
2283,رسول آفتاب
2108,امینان
3093,نشر توت
2748,کتاب خروس
1370,مانا کتاب
3272,نشر مسین
1859,اژدهای طلایی
1301,شمعدونی
2395,کتاب مجازی
1471,سلیس
2954,دانشگاه علم و صنعت ایران
2159,میراث مکتوب
2212,میزان
1796,گلمهر
1896,انتشارات تیرگان
4377,کیوی
2061,سایلاو
1610,فرای علم
1604,سیاهرود
1761,کودکان
1323,نوین کتاب گویا
2540,کتیبه زرین
1287,جاودان خرد
1263,فنجان‏‫
3255,دانشگاه تربیت مدرس
2683,فکر سبز
1144,نقد افکار
2985,آترینا
1755,کتاب آبی
2221,ابراهیم
3198,آفرینش نیک مان
4352,آثار سبز
3120,انتشارات ارتباط برتر
4340,پیشگو
2759,خردگان
2387,دیباچه
1882,شهر قصه
1828,باران خرد
2789,داریوش
1288,نگارینه
2918,دامون
2253,ابن سینا
1633,پاورقی
1839,درون
1939,نخبه سازان
1987,کوزه
1645,سیمای دانش
1998,تعالی
2504,پارس آوید	
2633,فرادید نگار
2202,دانشوران رشید
2326,نوید شیراز
1958,موسسه تاریخ ادبیات کودکان
2591,پارسیان دانش پندار
2094,ارمغان
2516,انور کتاب
2671,قهوه
1251,نشر داستان
2490,علم نو
2215,نور علم
3035,شبکه آفتاب
2721,رستگار گیلان
1406,فکرآذین
1257,پارسیا
2091,پلک
1782,توسعه فرهنگ و روانشناسی تهران
4350,آویدمند
3239,خیال انگیز
1499,زمستان
2009,عهد مانا
1593,توکا
3113,دانشگاه آزاد واحد تهران مرکزی
2153,خبرگزاری فارس
2894,پیام صنوبر
2597,دادکین
1559,بهار
1284,کتاب نغمه
2449,پنگوئن آبی
2989,مهرگان دانش
1567,چاپار
1963,تجربه
2037,ام‍ی‍ن ام‍ی‍ن‍ی
3111,فرهنگ گلبهار
1443,بانژ
1241,گنج معرفت
3152,آوای سرزمین جاوید
4432,عطشان عشق
1794,ارسباران
1930,آواژه ابریشمی
3290,برید
1535,پردیس دانش
1350,آنیما
1999,میرسعیدی فراهانی
2162,آفتاب گیتی
4312,جهان فن
1742,خرد سرخ
2708,بارانا
2232,طبع و نشر
1242,فراانگیزش‏‫
3049,خوان
1820,معیار اندیشه
2726,سها
3271,نشر سنگلج
2167,کتاب یک
1433,کارگاه نشر
2909,علم و حرکت‏
2384,ترآوا
1420,یاقوت کویر
4373,واج
2842,نشر مان
1291,عالی تبار
2477,چاو
2618,اوستا
1678,اروند
1953,آذرین مهر
2076,اطلس پیدایش
2132,بین الملل
2900,دانشگاه صنعتی اصفهان
3014,کتاب تحریر
2138,تصنیف
1693,ریواس
1387,آستان قدس رضوی
4385,ادبیات
1874,نوآوران سینا
1731,اشراق حکمت
1749,نیریز
2127,بوستان فدک
3030,مجله آتش
2394,شیرین
1672,بخشایش
2775,گفتمان خلاق
3102,انتشارات اعتماد قلم
4330,دانشگاه شهید باهنر کرمان
3068,رخ مهتاب
1934,تاچارا
2152,حماسه یاران
1597,موسسه فرهنگی و هنری خراسان
4401,میراث اهل قلم
4303,دو ماهنامه ی فرهنگی و هنری روزآروز
2102,خانه زیست شناسی
4412,منشاء دانش
3190,نوش آفرین
4368,ابتکار دانش
2947,وزرا
1636,حافظ نوین
3202,سیوان
2725,نو بیان
2036,سپید برگ
1227,معیار
1469,سپنج
1783,مهر و ابر
2334,برایند پویش
2776,پسته خندان
1826,ملک اعظم
3067,خزان
2289,زرنوشت
2819,شهید ثالث
3261,کتابستان بر خط
2537,باد
2052,بلخ
1712,اتاق آبی
3141,اندیشه کارمان
3221,پژوهشکده حج و زیارت
1355,رخداد نو
2912,خط تیره
2590,مزینانی
1145,ناژ
3223,آزما
1795,روان
2629,مرکز تحقیقات و توسعه سازمان اتکا
2415,رد پا
2556,ژیل
1107,کتاب چرخ و فلک
1322,فرمهر
2812,زرین آرا
1276,لیدا
2931,همای هنر‏‫
4446,شهیدی
2119,مجد
2325,طلوع مجد
2029,آراسته
2952,میراث ماندگار
2082,پیام آوران موج نو
2508,آگه سازان
2786,چهل طوطی
4328,انتشارات سانی
2520,دنگ
2234,امواج آرام
1607,علوم ورزشی
2652,ادیسون
2756,نشر امضاء
4353,تصمیم
1992,مهرآزما
1702,خارپشت
2695,دانشگاه معماری و هنر پارس
3182,کتاب باز‏‫
2371,زعیم
2084,پیشبرد
3286,سبحان نور
2363,هلال
41,سالی
2577,ناقوس فرهنگ
4381,نگارستان هنر
2265,قانون یار
2861,یسنا
1382,الماس پارسیان
2471,دانش ایران
3225,انتشارات داژو
1475,کتابدرمانی
3034,مجله رود
1857,دوات معاصر
3247,حدیث قلم
2226,خرسندی
2871,سپهر اندیشه
2445,میراث خورشید
1778,راه مانا
1157,راه معاصر
2114,آفتاب توسعه
2032,ساوالان
1862,گهرشید
2336,متخصصان
2112,ایمان ماندگار
2480,کعبه دل
2207,یاران مهر
2743,طنین دانش
2389,جمال هنر
1905,اقتصاد فردا
3119,مد
2262,مهد فرهنگ
2536,نکیسا
4422,دانشگاه فرهنگیان
2058,مهری
3262,بوی کاغذ
2291,سازمان اسناد ملی ایران
3267,فصل هفتم
2230,پاپلی
2484,کلک زرین
2106,شناسنامه
1730,گاندو
3287,آمازون
3007,نشر تاش
2173,ندای کادح
4316,نشر کتابدار
1719,کتاب پرواز
2316,حکمت شادان
4347,خرمن
2345,کیان رایانه سبز
2301,نواندیشان آریا کهن
2339,پندار قلم
1991,محقق
3194,پژوهشی نوآوران شریف
1956,میرماه
3036,قلم یاران
3038,مجله کاروان
1748,م.مودب پور
2242,آییژ
1774,پژوهه
1272,شولا
3082,بازاندیشی
2549,رشد آموزش
3109,موسسه بنیاد آفرینشهای هنری نیاوران
3041,دالان
2596,پایتخت
1950,جهاد دانشگاهی واحد خوارزمی
1968,شریف
2124,براق
2012,مناجات
2514,رونق
2814,دل آگاه
2412,اعجاز علم
2830,آماندا
2199,ستایش هستی
2826,هزاره ققنوس
1984,پیرسوک‏‫
2917,نصایح
2192,نظری
1685,زیتون
2417,نغمه زندگی
2555,کارگاه کودک
2550,فکر برتر
2366,عصر جوان
2378,آسمان نگار
3197,استاد
1683,قاف
2456,بنیاد موقوفات دکتر محمود افشار
1485,نقش قلم
1159,پاسارگاد
2948,خنیاگر
2299,آرمان نسل نو
3125,افست
1689,فیروزه
2853,دی نگار
1805,بدون
2240,توتیا
2057,آذران
2282,رسانش
2465,وزارت امور خارجه
3155,نشر هست‏‫
2798,فراروان شناسی
2113,آرام دل
3002,دایره سفید
2195,مانیا
2294,آرشا
2475,تماشا
2014,برات علم
4343,انتشارات نو آزما‏‫
2942,مجنون
1449,الماس دانش
2373,خاطره
1349,بدیل
2717,آیین دادرسی
1912,لیان
2722,تات
2353,شانی
2186,جوانه رشد
3278,مرندیز
1884,مهر نیوشا
2920,نوای دانش
1881,چتر فیروزه
2535,هرم
2700,زلال
2680,یمام
2729,نو سده
3001,New Harbinger
4367,افق ملک
1933,فارسی
2280,گردون
4364,روزاندیش‏‫
4403,نغمات
3192,آوای بستان
3234,سلسله مهر
1364,نامن
2496,طحان
2972,هزار برگ
2274,دیگر
3181,مادیار
1342,خسرو و شیرین
2817,آوام سرا
2506,سناء دل
4445,تبسم
3077,جهاد دانشگاهی واحدمشهد
2581,کاوش پرداز
2034,حقیقت
2616,کتاب باران
2505,فرهنگنامه کودکان و نوجوانان
2945,آب خست
2544,صحرا دریا
1876,دف
2342,انس
2873,انتشارات کارآفرینان بزرگ
1690,ستوس
2551,تجربه نو
2430,آکادمیک
2802,نویسندگان آزاد
2464,مرکز آموزش مدیریت دولتی ریاست جمهوری
1139,کتاب ایران
2263,یزدان
3054,فرزانگان دانش
2511,فرهنگستان زبان و ادب فارسی
3024,نشر مهربد
4351,فرهاد توحیدی
2347,سپهر
1537,پیک دبیران
1304,راه تعالی
1845,گسترش فرهنگ و مطالعات
1665,زمینه
2579,قلم مهر
2828,سایه سیاه
2402,دانشگاه آزاد اسلامی
1979,دانشگاه سمنان
2770,موسسه مطالعات و پژوهش های سیاسی
2276,مهر کاویان
2848,برتراندیشان
2576,نارون
2248,عروج
1827,آلوس
3127,لیلة القدر
1931,استاد موسوی
2678,آس
50,کاروان
2492,الف. لام. میم
2115,آموزش
3084,نبض دانش
2502,الینا
2429,ماکان
1591,آهنگ دیگر
2635,نریمان
2450,مرمر
2309,مکتب حاج قاسم
4309,سرمشق
2476,آموزش برتر
2131,کتاب معنا
2553,سپهر دانش
2557,دارالاعلام لمدرسه اهل البیت (ع)
1191,گاج
2761,منصور صانع
2297,نقش آفرینان بابکان
2485,دیدگاه
2197,دلیل ما
3298,بنیاد فرهنگی هنری رودکی
1669,مهارت های زندگی
2346,هرمان
2000,نادر رضایی
3293,اردوی سوره‏‫
3245,فرزانگان دانشگاه
2941,شهد علم
1457,پیک آوین
2744,فرزانگی
4313,فرهنگ و تمدن
2281,رایزن
2696,باغ آبی
2254,همشهری
1890,شاملو
2466,اوسان
1942,نزدیکتر
2170,احمدی پور
1871,جامعه الزهرا
2881,منشور سمیر
2977,بانک ملی
2472,ماهرنگ
1616,گوهر دانش
3175,نسیم رضوان
2447,میان
1916,هاتف
3266,آها
2649,چهرزاد
3104,انتشارات بید
2315,در قلم
2290,مولفان فرهیخته
2791,نشر سایه
2878,ندای آریانا
1706,چی چی کا
2923,پردیس
2156,دارخوین
1155,رویای سبز
2298,آرامش
3173,نشر تا
2646,زهره علوی
2046,گفتمان
2083,پیرامون
2187,لاهوت
1305,دانیال دامون
1274,جوانه توس
2440,هشت کتاب
4322,کتابک
3179,بارلی‏‫
99,افق دور
2196,فرتاب
2895,Advantage Media Group
1385,هونار
3174,نشر گوین
2778,شنل
2656,مریمان
1738,وایا
1790,فرجامین سخن
1788,گلریز
2065,آوای موفقیت
4416,زی
2074,نگاه دانش
1657,نقش گستران سرمدی
2631,دانش پرور
2337,سنجش و دانش
1682,صریر
2418,پیک ریحان
2444,سپینود
4375,فبک
2750,نویسندگان پارس
3083,آرمان نوباوه
2468,خط ناب
1187,کیان افراز
1784,تنزیل
2045,دهگان
2955,تدبیر روشن
2180,به آفرین
1863,موعود عصر
2944,دانشگاه شهید چمران اهواز
3021,نسیم دانش
1995,شرکت رسانه ساز دانش
2069,خوشخوان
2531,عصر روشن بینی
2987,بیان دانش
3227,وراقان
1842,هورخش
2129,آراج
2697,ژنگ
2244,کتابخانه فروردین
2539,سرخدار
2757,حباب
1997,منادی تربیت
2096,کانون نشر علوم
3260,پیام مهر عدالت
1986,کلک معلم
2343,امکان امروز
1919,انجمن عکاسان انقلاب و دفاع مقدس
3115,کتاب های ستاره‏‫
4393,آغاز کتاب
1444,آبانا
2031,دیموند بلورین
2960,ترسیمگران نور
4454,اندیشه بیگی
2691,عصر کنکاش
2657,دادبه
3292,فیل
2205,صالحیان
2141,تناوش
4428,دانشگاه شهرکرد
2340,فرهوش
2702,سپید
2926,کتاب زندگی
1925,گلشن راز
4384,ابتکار نو
2157,دفتر انتشارات اسلامی
1983,چشمه سار
3210,کومینو
2673,پژوهشگاه میراث فرهنگی و گردشگری
3204,سارنگ
2147,واژه پرداز اندیشه
4390,الکا
1343,وستا
3059,نشر پازل
3220,اسپانه‏‫
2660,ایده خلاقیت
2575,شکیب
2913,افق اندیشه
2864,نیما عربشاهی
2210,شادن پژواک
1897,شرکت گروه مطالعات اندیشه ورزان آریا
2902,سمرقند
2547,موسسه فرهنگی هنری دین و معنویت آل یاسین
2642,جیسا
2269,فراز
2840,مرکز نشر دانشگاه شیراز
2949,نامه ی پارسی
2794,سایه نیما
2617,سلماس
3046,مجله نیم روز
2266,بیان هدایت نور
2228,نی نگار
2188,کهکشان دانش
2133,پرستا
3297,نشر وزان
2024,آسمان علم
2116,آوای قرآن
2214,سیمرغ
3169,انتشارات آنجا
2392,ذوالفقار
2613,مدیر سبز
2699,مکارمی
2654,عمران
2882,سرو
2454,افسون خیال
2495,همگو‏‫
2458,فیض فرزان
2319,قایق کاغذی
2236,مدیران
2523,خورشیدباران
3132,تالیف
2962,آوای ری را
2681,ربیدان
2559,ماهک
1484,ناژین
2792,ارشد
3285,سفیر خرد
1972,الهدی
2850,دانشگاه محقق اردبیلی
2252,فکر روز
2063,آرنا
2625,مهرانگیز
3088,پرهیزکار
2237,عطاپور
2251,شلاک
2364,اختر
3164,دانشگاه بوعلی سینا
2370,پرهام نقش
3153,خانه صنعت معدن و تجارت استان کرمانشاه
4366,صبح امروز
2401,آفتاب اندیشه
2117,پیام
2811,جهان نو
2566,لب المیزان
1948,ناقوس
2737,چارسوی هنر
2285,ماه ریز
3257,مرآت‏‫
2432,آفرینه
4415,ارمغان گیلار
2033,یاران مهدی (عج)
1917,ناس
3258,مطیع
4407,آموزش فنی و حرفه ای مزرعه زرین
1893,توسعه دانش و پژوهش و فناوری فرزان
2607,موسسه آموزشی و پژوهشی امام خمینی (ره)
1980,رسانه تخصصی
2612,افرا
3237,شهر کتابخون
2349,هودین
4440,نبش استور
2783,بیژن پاکزاد
1891,تریتا
1844,فرهنگ تارا
3139,انتظار مهر
2739,تمدن نوین
4421,ادبیات نمایشی
2936,الهام اندیشه
4371,موسسه فرهنگی داده ای طلایی خلیج فارس ایرانیان‏‫
1806,یانار
4382,نیلفام‏‫
2338,عصر کتاب
2672,انجمن اولیا و مربیان
2474,آسمون ریسمون
2241,کتاب خرداد
2348,بورس
4426,اندیشه کهن
3253,ترگمان
4437,نشر لنا
1674,خانه معنا
1911,ره آورد هنر
2190,چندگاه
3219,پروچستا
2836,مرکز انتشارات راهبردی نهاجا
2928,عصر اندیشه
2027,کاپیتان
2359,آیت اشراق
1311,شیرمحمدی
1167,مهر دامون
2374,طراح
3276,دیده بان قلم فرتاک
2707,دنیای مادر
2089,زیبا
2286,نقش خورشید
1423,آبنگاه
2422,علمی پارسیان
2541,فراموشی
1451,اندیشه عصر
2959,ایراهستان‏‫
4430,گالوس
2375,مرکز تحقیقات سیاست علمی کشور
4349,موسسه فرهنگی مطبوعاتی ایران
2644,انجمن خوشنویسان
2109,اندیشگاه فناوری های نوین
2399,سامان دانش
2467,زرباف
2146,جام طهور
3226,Andrews McMeel Publishing
1502,رامند
2844,هفت اقلیم هنر
2831,نور دانش
4436,برگ
2784,اعتماد
4452,ادبیات معاصر
3301,خانه پژوهش
1687,توسعه کتاب
4372,آوای کلار
2182,نارگل
4310,مفاهیم
4342,میرانا
2586,مرکز پژوهشی و آموزشی کوثر
3256,دفتر تبلیغات اسلامی حوزه علمیه قم
2243,تراث
2509,موسسه فرهنگی درسهایی از قرآن
2709,سرخ
2997,نشر مطالعات بینا رشته ای
2588,بلور
2261,بامداد کتاب
2425,انتشارات امام علی بن ابی طالب (ع)
2884,انتشارات دانشگاه تبریز
2790,پژواک آرمان
2621,هامون نو
2824,کران
1868,آذربایجان
2562,مرسا
2910,مدرسان شریف
1880,هوناز
4317,تحقیقات آموزش کشاورزی
4360,شاپیکان‏‫
2572,راه اندیشه
3150,هنر معاصر
1945,کوشنده
2383,آئینه جنوب
2377,کنار
1564,پیک بهار
2563,سعید نوین
3076,پنج خط
2022,دایره دانش
2515,دنیای تصویر
1715,پخش کتاب تهران
2148,خودرنگ
4460,کتابسرای همراز‏‫
2360,نشر آجا
1339,حریر
1211,فراروی
1722,ماه و خورشید
4391,نشر ده
1906,عفت
2189,سهروردی
2574,جام زرین
2804,آفتاب غرب
2185,ساکو
2462,روان سنجی
3004,هفتان
2815,تگ
2512,فرنو
2872,سازمان زیباسازی شهر تهران
1759,روانشناسی جامعه
2227,موسسه آموزشی و تحقیقاتی صنایع دفاعی
1615,کیاپاشا
2498,اول و آخر
2135,پیام آزادگان
3011,آبادیس طب
2368,ما و شما
2312,سازمان جغرافیایی نیروهای مسلح
3217,بذر افشان‏‫
3280,نبوغ
2410,لویه
2355,آتنا
2832,ترنجان
2929,رهام
2003,زینی
3128,روزگار نو
4399,نگارش
3279,حوا
2100,اسراء
3206,دگر ساز‏‫
14,اندیشه سازان
2813,نشر دانشگاهی کیان
2851,علم کشاورزی ایران
2423,مرکز تحقیقات استراتژیک
3201,تنعیم
2011,اندیشه نو
4389,آهور
2406,تمهید
2088,دانشگاه یاسوج
2231,کتاب روشن
2118,آوای کتاب پردازان
3056,آذرین قلم
3008,فرافر
2503,رستا
2598,بنیاد پژوهشهای اسلامی
2692,افرود
1941,کلیم الله توحدی
2934,باشور
1802,مرکب سپید
2416,فروغ
2296,نوآور
4439,گاثاها
2685,آثار برتر
2404,ارغوان
1735,کتاب مهناز
3066,بیژن یورد
2427,ورای دانش
1632,برگ نگار
3042,انتشارات چاپ عصر
2924,کتاب صارم
2659,کمیته ملی المپیک جمهوری اسلامی ایران
2578,امین نگار
1704,آفشید
4379,نگین پارسه
2532,موسسه عالی آموزش و پژوهش مدیریت و برنامه ریزی
2168,کتابدار توس
1141,ب‍ی‍ان آزادی
1255,شاپیگان کتاب
2177,رشدآوران
1943,بارسا
2016,یاد بانو
2755,دستخط
4386,رامان سخن
2213,علمیران
2733,دانشگاه عدالت
2250,موسسه خیریه آموزشی فرهنگی شهید مهدوی
1947,مکتوب آخر
4441,نفحات
2961,سازمان بهزیستی کشور
1996,موسسه آموزش عالی علمی - کاربردی هلال ایران
4358,یاس نبی
2627,شکوه مارال
2712,بهداد
2718,فرهنگستان علوم پزشکی
2849,کتاب ریرا
1843,سخنکده
2552,بوستان حمید
2885,آزاده
4319,انتشارات مکعب
2247,ارکان
3159,نشر پله
4336,هوما
1459,تمیشه
2367,آوای منجی
3251,علمی و فنی
4315,حسابدار
4345,آمیس
2381,مکتب الحسین (ع)
2067,سرای کتاب
3157,پناه
2533,راز نهان
3196,عرفان
2766,سروش پایا
2600,آبانگاه
1832,سپهر ادب
1454,پخش جوان
1867,واشقان
1489,یوشا
3073,کتاب خوانا
2225,ذهن موفق
2208,انتظار سبز
2154,خیزش نو
2565,پیکره
2609,سپنتا
2999,تفکر آینده ساز
2419,اندیشه های گوهربار
2543,سیب سفید
2966,ارم‏‫
2615,آنیش
4305,بال
3063,ماه و پروین
2204,دایره سبز
2420,انجمن سینمای جوانان ایران
2453,آوای ظهور
1646,شاپرک طلایی
2915,مشق شب
2637,آسمان کتاب
2478,یارا
2765,رنگینه
2433,نشرا
1830,دنیای جغرافیای سحاب
4450,دید
2887,سیمای شرق
3283,آیندگان
1460,توسعه آموزش
2868,دفتر مطالعات جبهه فرهنگی انقلاب اسلامی
2658,موسسه حفظ آثار و نشر ارزش های دفاع مقدس
2846,انتشارات حک
2827,انجمن ترویج تغذیه با شیر مادر‏‫
2622,سیمای پارسا
3131,نشر مدید
1431,آوای سورنا
3079,پوشه
3065,شهاب ثاقب
2390,نشر میم
2143,تولی
4325,تخت جمشید
1838,حکایتی دگر
2103,تیک
2875,موسیقی عارف
1676,موسسه مطالعات راهبردی علوم و معارف اسلام
3078,مجله ادبی نوپا
1725,فرهاد جعفری
3299,نسیم کوثر
1174,موسسه فرهنگی هنری نوروز هنر
2546,فر قلم
2090,شعاع
1970,کهکشان علم
2055,ماندا کتاب
2779,اردکان
3254,چوک آشتیان‏‫‏
1710,آوردگاه هنر و اندیشه
3183,بیستون
2134,پژوهشگاه علمی تخصصی شهید صدر
2970,نیاسا‏‫
1154,بزرگمهر
2386,شهر پدرام
2144,تی تی پول
4314,دانشگاه کارآفرین
1463,خاتون
3199,دانشگاه لرستان
2486,عقاب طلایی
2630,مرز و بوم
2452,دانش پذیر
1985,ن‍ور ال‍زه‍راء (ع )‏
2825,استهبان
2951,راز معاصر
2517,چکامه
2530,جام جوان
2093,هراز
1285,سکوی پرتاب
2939,کتاب یار مهربان
2788,ظهور فن
1932,هزار افسان
2272,ابجد
2350,بوعلی
3058,آسوبان
1498,پیک فرهنگ
1819,مرز فکر
2956,کتابسرای اهورا
2098,دستان
2308,پژوهشکده بیمه
3168,سیادت‏‫
3143,ضریح آفتاب
4348,اساطیر پارسی‬
2344,همگرا
2665,هیمه
2866,نشر رهی
2013,ماه نو
1918,پیروزان دانش
3138,یادواره اسدی
1120,رایحه اندیشه
2122,کاوشیار
2643,مهرسمان
2322,سرور کیان
1747,کتاب گستران امروز
4344,چهارحوض
1450,محراب دانش
2050,خورشید آفرین
2451,چهارباغ
2897,نیلاب
3244,قلم زنان‏‫
2019,مبشر
2137,تحسین
1143,قاصدک‏‫
1500,خانه تحول
3071,نشر شهاب الدین
2661,نشر نقطه
2571,سورا
1754,انجمن شاعران ایران
2988,نوروزی
4323,علیون
4337,انتشارات شاهدخت
3172,دادگستر
1698,فرهنگ مانا
2267,تولید علم
3087,نیک نام
2487,وفاجو
1848,اورکا
3165,Simon and Schuster
2797,مبانی
4308,مرز دانش
2030,شادیاخ
2634,چتر دانش
3243,فراهنر
2698,طرحواره
3275,روایت نو
2796,سکر
2610,هرست
2595,موسسه تالیف ترجمه و نشر آثار هنری متن
1660,نگاه امروز
2078,آتی نگر
4326,بنیاد قرآن
1247,شفاف
2820,پیام رسان
2585,فقه
2481,شایا
3080,بیتا
4402,غلامی
2136,پیام نوآور
2184,پارسیان البرز
4346,پژوهشکده فرهنگ و هنر اسلامی
2582,پرکاس
64,نگار و نیما
4361,مرکز مطالعات و برنامه ریزی شهر تهران
4387,آموزش و ترویج کشاورزی‏‫
3281,مرکز بین المللی ترجمه و نشر المصطفی(ص)
2435,دانو
4363,اورازان
3126,فن آوران
4370,HarperCollins
4417,زمان تغییر
1270,پندار پارس
3133,آیه نور
2507,سروش دانش
2857,کتاب ماد
2494,مرکز مطالعات و تحقیقات رسانه ها
3288,آناناس
2584,هلیله
1495,متفرقه
2529,فرهنگ گستر
2919,طرح آینده
1228,سیمای نور امید
2773,نامه مهر
2760,هلال نقره ای
2446,زهیر
2021,پژوهنده
2764,ترنجستان
2724,یاقوت علم
2974,آلباتروس
2736,کتیبه نوین
2694,پژوهشکده فلسفه و کلام اسلامی
3130,زمزم هدایت
1899,دانشگاه جامع امام حسین
3274,مکتب خانه
2499,پژوهشکده نظر
2519,کلبه سبز
2068,مهر سجاد
4449,دانشگاه گیلان
2300,پیام مقدس
1148,الست فردا
4329,فیض کاشانی
4318,این جا میان شهر
1279,صادق هدایت
2687,هاوار
2525,قلمکده
2006,بیهق کتاب
2284,سرای عدالت
3110,نور سخن
2953,اشتیاق نور
2829,نامه سفید
2807,نشر دیوار
3003,آبشار
2332,قدسیان
4406,ترفند
4354,محیی‏‫
1453,ایده پردازان
2372,سازمان میراث فرهنگی کشور
4443,داهی
2674,آزادگان
2073,هنر و فرهنگ
2216,آثار گیتی
2561,موسسه بنیاد فرهنگی مهدی موعود (عج)
3208,بنیاد حکمت اسلامی صدرا
1146,مدحت
3188,کتابخانه و موزه ملی ملک‏‫
2614,کتاب سهیل
2501,تالار کتاب
3240,جهانتاب
3193,Hodder & Stoughton
2329,حم
2054,سالکان
2183,گلبانگ
2782,شناسا
3236,گوی
3214,گل آرا
2362,دارالکتب الاسلامیه
2950,ساوالان ایگیدلری
2690,تصویر ایران
4433,مسعود شفیعی اردستانی
3246,موسسه فرهنگی هنری پژوهشی تاریخ ادبیات کودکان
3207,حدیث نینوا
2799,آرسا
2704,آتریسا
1598,داستان سرا
1952,ایران جام
2491,احیاء کتاب
3144,نشر مانیان
2361,رایاگستر
2863,اشک یاس
1951,نوگان
3295,بوستان آسمان مهر
2020,مبین
4444,زندگی نو
3273,پژوهشگاه علوم و فرهنگ اسلامی
1480,کلیدر
1836,ساحل
2224,حسینی اصل
4306,نشر هنر و علوم دانشگاهی
4408,موسسه فرهنگی هنری امامت اهل بیت(ع)‏‫
3022,باران بهار
1791,او
4429,پرچین
4383,نشر ثانی
2005,دیدمان
3216,نیک مهر
2524,دانشگاه علوم اسلامی رضوی
2442,سوره سبز
1713,مهماز
2407,صفر تا صد
3020,خانواده سالم
3229,شاهق
4320,دانشگاه کاشان
3230,پریور
2064,پیک مشاور
3108,هوای تازه
3101,موسسه فرهنگی هنری البهجه
3238,واژیران
2010,اولکر
2604,امین آتنا
3103,خبرگزاری تسنیم
2318,کیاراد
3137,آریا دانش
